res_label,area,area_plotted,curv
G1,916.251,2.962014461640175,0.24939393463144924
X1,1213.225,3.083941350905179,0.24473458674194812
G2,1976.268,3.295845838545616,0.24861355285127534
A3,937.523,2.9719819309603506,0.25664316608765864
C3,889.155,2.9489774750051154,0.2772374400413876
G4,971.898,2.9876206884225747,0.2499424034209351
U4,835.062,2.9217187213018896,0.26438733531162956
G5,981.85,2.9920451444588827,0.25253586393033556
U5,831.884,2.920062771396293,0.260681896754836
X6,947.089,2.97639079251195,0.2863876193261668
U6,882.303,2.945617755914061,0.2597501606590933
A7,926.3969999999999,2.9667971399870363,0.25858544338982103
C7,855.865,2.932405266571078,0.2607654992317714
C8,865.894,2.9374647303167585,0.2625283106246261
U8,828.502,2.9182935611414935,0.2579483525688532
G9,970.037,2.986788299822296,0.24773712755286653
U9,828.553,2.9183202941329562,0.26502498090043725
A10,919.982,2.9637793301964805,0.25898263118191445
G10,959.831,2.982194772384822,0.25266268541024406
C11,855.053,2.9319930350722183,0.26384066367815795
U11,835.437,2.9219137054754203,0.2665774139761586
A12,930.863,2.96888576828301,0.25812114564656663
C12,879.184,2.944079775895258,0.2676840115379716
A13,943.274,2.974637863896851,0.25787144880490714
U13,847.179,2.9279751818761577,0.2626702503249018
C14,858.084,2.9335298041084097,0.26274452967308565
G14,974.009,2.988562969848101,0.24849557960963398
C15,1776.2890000000002,3.2495136263606375,0.2639615125519231
A16,953.702,2.979412693390494,0.25560004382920454
U16,850.665,2.929758564438186,0.2643355457201131
A17,926.166,2.966688833790875,0.25994125135234936
G17,943.936,2.974942549606244,0.24702521463319546
A18,922.751,2.965084524519818,0.254458841009113
U18,856.971,2.932966125595225,0.26502316997891406
C19,872.349,2.940690267560019,0.2654875720611819
U19,842.946,2.9257997541583327,0.2632970391934952
C20,897.14,2.9528602206172914,0.28562089528947543
G20,935.123,2.97086873890244,0.24815577950708087
A21,924.018,2.9656804314198175,0.26082801309065407
G22,970.6899999999999,2.9870805555670605,0.24852474013330725
U23,854.947,2.931939192715329,0.2628469998725067
C24,853.59,2.9312493185880886,0.26044821752832154
C25,914.785,2.961319034738124,0.268487947441202
C26,870.5749999999999,2.9398061915166016,0.2637636722855584
A27,921.253,2.96437891512092,0.23526959043824008
A28,923.271,2.9653291945579463,0.25695844665325784
A29,975.906,2.989407988110012,0.2602536371330846
U30,840.41,2.9244912114147583,0.25559368522506876
A31,917.722,2.962711142910704,0.2521281662638577
G32,948.473,2.977024972422457,0.25173619386107987
G33,957.42,2.9811024954238863,0.2559307461720039
A34,940.403,2.973314005907355,0.2546907453506635
C35,874.508,2.9417637867591933,0.25952766812882216
G36,965.9499999999999,2.984954646823268,0.24803999896474974
A37,932.512,2.9696544292209404,0.2602644362753509
A38,931.311,2.9690947325706074,0.25516189973059483
A39,921.713,2.9645957128977907,0.2592145689601861
C40,868.859,2.9389493040776826,0.2689164294782007
G41,974.3100000000001,2.988697160029578,0.2516171803635393
C42,875.824,2.9424168418891665,0.26279064172710503
C43,903.811,2.9560776226891745,0.2631057123668555
