Chain,Residue Sequence,Residue,curv,area,n_atoms,aa1
 ,1,DG5,0.27236806188082174,925.521,31,X
 ,2,DC,0.2874237369412571,846.655,30,C
 ,3,DG,0.26655880247720415,931.857,33,G
 ,4,DG,0.26679266390653356,916.864,33,G
 ,5,DA,0.2755218059842336,892.278,32,A
 ,6,DA,0.27264859181246814,883.05,32,A
 ,7,DG,0.2709482758438613,946.927,33,G
 ,8,DT,0.3015943789863134,922.218,32,T
 ,9,DT,0.29720298741703094,939.206,32,T
 ,10,DT,0.29859790804338104,920.956,32,T
 ,11,DT,0.29052146220687197,930.566,32,T
 ,12,DC,0.2783730888539647,850.7330000000001,30,C
 ,13,DT,0.2858542826422204,912.369,32,T
 ,14,DT,0.2943714536604891,889.403,32,T
 ,15,DC,0.2864107353293301,851.972,30,C
 ,16,DC,0.28496672522988425,846.948,30,C
 ,17,DG,0.27042724825202924,945.668,33,G
 ,18,DC3,0.28986288088025663,897.92,31,X
