Chain,Residue Sequence,Residue,curv,area,n_atoms,token,token_class
A,1,GDP,0.24473458674194812,1213.225,41,X,protein
B,6,OMC,0.2863876193261668,947.089,34,X,protein
B,20,DC,0.28562089528947543,897.14,31,dC,nucleic
A,3,A,0.25664316608765864,937.523,33,rA,nucleic
A,7,A,0.25858544338982103,926.3969999999999,33,rA,nucleic
A,10,A,0.25898263118191445,919.982,33,rA,nucleic
A,13,A,0.25787144880490714,943.274,33,rA,nucleic
A,18,A,0.254458841009113,922.751,33,rA,nucleic
A,21,A,0.26082801309065407,924.018,33,rA,nucleic
A,27,A,0.23526959043824008,921.253,33,rA,nucleic
A,28,A,0.25695844665325784,923.271,33,rA,nucleic
A,29,A,0.2602536371330846,975.906,33,rA,nucleic
A,31,A,0.2521281662638577,917.722,33,rA,nucleic
A,34,A,0.2546907453506635,940.403,33,rA,nucleic
A,37,A,0.2602644362753509,932.512,33,rA,nucleic
A,38,A,0.25516189973059483,931.311,33,rA,nucleic
A,39,A,0.2592145689601861,921.713,33,rA,nucleic
B,12,A,0.25812114564656663,930.863,33,rA,nucleic
B,16,A,0.25560004382920454,953.702,33,rA,nucleic
B,17,A,0.25994125135234936,926.166,33,rA,nucleic
A,8,C,0.2625283106246261,865.894,31,rC,nucleic
A,11,C,0.26384066367815795,855.053,31,rC,nucleic
A,12,C,0.2676840115379716,879.184,31,rC,nucleic
A,15,C,0.2640769592866992,870.993,31,rC,nucleic
A,24,C,0.26044821752832154,853.59,31,rC,nucleic
A,25,C,0.268487947441202,914.785,31,rC,nucleic
A,26,C,0.2637636722855584,870.5749999999999,31,rC,nucleic
A,35,C,0.25952766812882216,874.508,31,rC,nucleic
A,40,C,0.2689164294782007,868.859,31,rC,nucleic
A,42,C,0.26279064172710503,875.824,31,rC,nucleic
A,43,C,0.2631057123668555,903.811,32,rC,nucleic
B,3,C,0.2772374400413876,889.155,31,rC,nucleic
B,7,C,0.2607654992317714,855.865,31,rC,nucleic
B,14,C,0.26274452967308565,858.084,31,rC,nucleic
B,15,C,0.2638460658171471,905.296,31,rC,nucleic
B,19,C,0.2654875720611819,872.349,31,rC,nucleic
A,2,G,0.247278065725079,1003.27,34,rG,nucleic
A,5,G,0.25253586393033556,981.85,34,rG,nucleic
A,14,G,0.24849557960963398,974.009,34,rG,nucleic
A,17,G,0.24702521463319546,943.936,34,rG,nucleic
A,20,G,0.24815577950708087,935.123,34,rG,nucleic
A,22,G,0.24852474013330725,970.6899999999999,34,rG,nucleic
A,32,G,0.25173619386107987,948.473,34,rG,nucleic
A,33,G,0.2559307461720039,957.42,34,rG,nucleic
A,36,G,0.24803999896474974,965.9499999999999,34,rG,nucleic
A,41,G,0.2516171803635393,974.3100000000001,34,rG,nucleic
B,1,G,0.24939393463144924,916.251,32,rG,nucleic
B,2,G,0.2499490399774717,972.9979999999999,34,rG,nucleic
B,4,G,0.2499424034209351,971.898,34,rG,nucleic
B,9,G,0.24773712755286653,970.037,34,rG,nucleic
B,10,G,0.25266268541024406,959.831,34,rG,nucleic
A,4,U,0.26438733531162956,835.062,30,rU,nucleic
A,6,U,0.2597501606590933,882.303,30,rU,nucleic
A,9,U,0.26502498090043725,828.553,30,rU,nucleic
A,16,U,0.2643355457201131,850.665,30,rU,nucleic
A,19,U,0.2632970391934952,842.946,30,rU,nucleic
A,23,U,0.2628469998725067,854.947,30,rU,nucleic
A,30,U,0.25559368522506876,840.41,30,rU,nucleic
B,5,U,0.260681896754836,831.884,30,rU,nucleic
B,8,U,0.2579483525688532,828.502,30,rU,nucleic
B,11,U,0.2665774139761586,835.437,30,rU,nucleic
B,13,U,0.2626702503249018,847.179,30,rU,nucleic
B,18,U,0.26502316997891406,856.971,30,rU,nucleic
