Chain,Residue Sequence,Residue,curv,area,n_atoms
C,1,ALA,0.3034317442583366,332.961,12
C,7,ALA,0.3052680829539707,272.826,10
C,15,ALA,0.2938466308495682,278.824,10
C,21,ALA,0.2969318425448109,280.791,10
C,24,ALA,0.3239630717963306,319.891,10
C,25,ALA,0.28311454176342177,287.668,10
C,29,ALA,0.2938292931086286,292.888,10
C,31,ALA,0.3172165837287351,293.794,10
C,47,ALA,0.3101834752715636,269.366,10
C,75,ALA,0.31724851823195793,281.758,10
C,88,ALA,0.3143631361914793,267.726,10
C,91,ALA,0.27231788084073977,287.699,10
C,95,ALA,0.3086019815664741,266.254,10
C,98,ALA,0.3066509422154231,287.62,10
C,102,ALA,0.30671899200713726,273.494,10
C,111,ALA,0.3178461188808646,274.998,10
C,114,ALA,0.30979166344850834,284.842,10
C,127,ALA,0.306446416195387,288.576,10
C,135,ALA,0.31225407140790606,321.449,11
D,15,ALA,0.2978003961009994,316.081,10
D,33,ALA,0.3080446599972472,276.086,10
D,38,ALA,0.3263917146289159,271.394,10
D,69,ALA,0.3267019187214517,289.203,10
D,76,ALA,0.3031870928128001,280.123,10
D,83,ALA,0.3184329901057866,298.053,10
D,89,ALA,0.2592892817849193,273.581,10
E,12,ALA,0.3020180136767667,325.808,10
E,14,ALA,0.3058181256347334,276.691,10
E,21,ALA,0.30702222156664627,271.178,10
E,40,ALA,0.3064913840686553,264.51,10
E,45,ALA,0.3006433606830243,306.402,10
E,47,ALA,0.31812441362358296,279.897,10
E,52,ALA,0.3056702511674871,277.305,10
E,53,ALA,0.30608371206406104,271.741,10
E,60,ALA,0.3099585979028037,282.377,10
E,66,ALA,0.30815904054033677,265.31600000000003,10
E,69,ALA,0.321010634955164,289.611,10
E,70,ALA,0.33021848626389616,274.896,10
E,86,ALA,0.30059331422010066,276.946,10
E,103,ALA,0.31889980439386345,309.295,10
F,1,ALA,0.315288711729336,333.284,12
F,4,ALA,0.3034866994131156,282.168,10
F,6,ALA,0.30116243982367613,275.856,10
F,14,ALA,0.29701888339787064,280.45799999999997,10
F,35,ALA,0.3038264202484417,270.164,10
F,55,ALA,0.3157668398972174,259.577,10
F,71,ALA,0.30730569932203156,291.754,10
F,74,ALA,0.3121214759275333,270.745,10
F,78,ALA,0.31457089727831433,284.75,10
F,94,ALA,0.3101401718254936,262.592,10
F,104,ALA,0.3217121713477702,278.63800000000003,10
F,107,ALA,0.30326250881272826,285.099,10
F,114,ALA,0.3034345133038064,270.26099999999997,10
F,121,ALA,0.3168374432820347,297.084,10
G,1,ALA,0.3073346338035982,324.498,12
G,7,ALA,0.33110148727619226,300.146,10
G,15,ALA,0.3020589161613645,288.936,10
G,21,ALA,0.30986997944941874,275.418,10
G,24,ALA,0.30945491188601426,288.036,10
G,25,ALA,0.2956998249076995,304.98199999999997,10
G,29,ALA,0.3022383734025545,270.823,10
G,31,ALA,0.30312484407601226,266.957,10
G,47,ALA,0.32198193302436834,267.56,10
G,75,ALA,0.3143416908302989,283.139,10
G,88,ALA,0.3109520980022999,275.667,10
G,91,ALA,0.315956865671149,302.891,10
G,95,ALA,0.30534510807799653,268.371,10
G,98,ALA,0.3108485006060562,273.077,10
G,102,ALA,0.3213234414781791,283.971,10
G,111,ALA,0.31649835346558,279.98199999999997,10
G,114,ALA,0.3017594016414412,289.258,10
G,127,ALA,0.3052978797627815,283.789,10
G,135,ALA,0.3134837587663072,318.264,11
H,15,ALA,0.314663181476089,284.346,10
H,33,ALA,0.30759561788300815,310.261,10
H,38,ALA,0.32096095941444597,273.79200000000003,10
H,69,ALA,0.3110402177085268,263.839,10
H,76,ALA,0.30948976009788354,274.612,10
H,83,ALA,0.337339088020734,304.04200000000003,10
H,89,ALA,0.3024084058487875,280.4,10
I,12,ALA,0.3116744587072432,289.954,10
I,14,ALA,0.32125374463577117,278.465,10
I,21,ALA,0.30543544928950594,270.516,10
I,40,ALA,0.3063710106427922,295.881,10
I,45,ALA,0.31654984377616346,280.687,10
I,47,ALA,0.3088762664714495,273.2,10
I,52,ALA,0.3192738267951274,276.401,10
I,53,ALA,0.28316515862211833,270.328,10
I,60,ALA,0.3126343701830529,281.558,10
I,66,ALA,0.3106281331389064,275.682,10
I,69,ALA,0.3236314623642947,315.113,10
I,70,ALA,0.3271540342211529,281.814,10
I,86,ALA,0.31079350631568137,292.13,10
I,103,ALA,0.3075292090152326,271.851,10
J,1,ALA,0.3150855799598517,305.866,12
J,4,ALA,0.32589612818776165,284.957,10
J,6,ALA,0.29568502075882763,291.92400000000004,10
J,14,ALA,0.30718781389213345,271.391,10
J,35,ALA,0.3174324599312269,289.939,10
J,55,ALA,0.3080204010854155,262.388,10
J,71,ALA,0.2975846236649691,273.121,10
J,74,ALA,0.3108593761621256,282.349,10
J,78,ALA,0.3282520484640016,286.068,10
J,94,ALA,0.3093946851020324,267.023,10
J,104,ALA,0.31371187019243824,257.797,10
J,107,ALA,0.2976665091391374,262.38800000000003,10
J,114,ALA,0.30060941943305297,267.256,10
J,121,ALA,0.3073532861154777,283.085,10
